EmployeeID,Name
16870817 -6782,Nathaniel Morrow
16030503 -6774,William Maldonado
16060415 -7529,Fredericka Davidson
16250218 -6691,Lev Willis
16040110 -9038,Brielle Weiss
16030612 -9305,Brennan Boyd
16250429 -8684,Jermaine Rivera
16101124 -9891,Kaseem Dickerson
16430114 -1661,Dexter Hunter
16700713 -1183,Griffin Mcpherson
16240305 -4212,Burke Foley
16670825 -5283,Aquila Colon
16210705 -4534,Cailin Emerson
16700327 -0803,Rogan Barker
16390104 -0265,Benjamin Hooper
16901026 -9257,Lynn Elliott
16841014 -8251,Moana Nash
16320930 -8257,Bianca Wallace
16211208 -5887,Oscar Waller
16470709 -9687,Marny Benjamin
16140530 -1837,Clark Wall
16050728 -1673,Lunea Clarke
16390525 -0423,Kirby Rice
16290908 -4143,Cedric Blair
16860827 -5163,James Duncan
16500201 -6094,Berk Duke
16790604 -2358,Kyle Holcomb
16800122 -2739,Tamekah Shannon
16330714 -5197,William Dennis
16450709 -0605,Rebecca Fuentes
16160230 -4113,Cecilia Cox
16530306 -3043,Jamalia Carey
16450126 -6136,Chadwick Cline
16331222 -1181,Fletcher Owen
16281122 -3656,Lev Hinton
16790520 -6707,Quinlan Mcdonald
16980624 -1155,Ezekiel Kaufman
16900425 -1949,Doris Zimmerman
16920428 -0698,Abbot Nolan
16740306 -9599,Colin Walton
16180923 -8320,Chantale Morrow
16850223 -8804,Price Melendez
16780513 -9008,Neil Boyd
16771001 -0195,Zahir Nieves
16520607 -7249,Octavius Vang
16570315 -0473,Scott Wynn
16420222 -0788,Liberty Jefferson
16320501 -2853,Vivien Sherman
16040828 -9221,Dalton Mccall
16300805 -9572,Mollie Logan
16970719 -4214,Meredith Terry
16220620 -2521,Chelsea Gay
16690717 -5134,Jameson King
16051003 -3665,Colette Kirby
16271015 -2063,Sasha Paul
16530501 -4671,Autumn Lane
16020401 -5051,Kaitlin Hubbard
16070128 -6445,Cleo Alvarez
16100501 -2636,Basia Ballard
16661221 -8336,Ayanna Larsen
16321008 -7569,Yael Willis
16250807 -8058,Aileen Brooks
16921013 -8617,Sybil Malone
16970123 -5252,Astra Whitney
16491126 -5819,Jane Moreno
16861207 -8744,Georgia Chandler
16520122 -5884,Charlotte Tyson
16460418 -1489,Len Leon
16771029 -3742,Jamal Sharpe
16900709 -5269,Brett Gibson
16410927 -7659,Dillon Caldwell
16661002 -7721,Reed Burgess
16680804 -3472,Judah Reilly
16060113 -5817,Ferdinand Stewart
16370707 -2629,Ursa Walls
16411227 -1426,Tiger Patton
16870428 -2006,Dakota Page
16390625 -6379,Clementine Schultz
16770513 -8902,Susan Porter
16380615 -8873,Britanni Ward
16031211 -8540,Xanthus Roman
16950418 -3030,Shad Case
16240229 -7440,Alexander Flores
16780611 -9611,Jeremy Dickson
16080512 -1522,Nehru Rivers
16230609 -8241,Gabriel Horn
16760229 -4972,Eve Terry
16241029 -4694,Briar Gilliam
16780528 -2444,Briar Massey
16951024 -7068,Kyla Phillips
16120428 -6379,Donna Haney
16300419 -7541,Dara Cooley
16001018 -0115,Sean Herrera
16340113 -7165,Amery Gould
16621021 -3960,Zephr Buchanan
16460714 -7560,Justina Thompson
16070214 -4304,Deanna Cardenas
16940530 -7811,Seth Hebert
16370902 -3281,Florence Holden
16481018 -3659,Malcolm Adams
